{
  "runtimeOptions": {
    "tfm": "net7.0",
    "includedFrameworks": [
      {
        "name": "Microsoft.NETCore.App",
        "version": "7.0.18"
      },
      {
        "name": "Microsoft.MacCatalyst",
        "version": "16.4.7142"
      },
      {
        "name": "Microsoft.Maui.Core",
        "version": "7.0.101"
      },
      {
        "name": "Microsoft.Maui.Controls",
        "version": "7.0.101"
      },
      {
        "name": "Microsoft.Maui.Essentials",
        "version": "7.0.101"
      }
    ],
    "configProperties": {
      "Microsoft.Extensions.DependencyInjection.VerifyOpenGenericServiceTrimmability": true,
      "System.AggressiveAttributeTrimming": true,
      "System.ComponentModel.TypeConverter.EnableUnsafeBinaryFormatterInDesigntimeLicenseContextSerialization": false,
      "System.Diagnostics.Debugger.IsSupported": true,
      "System.Diagnostics.Tracing.EventSource.IsSupported": false,
      "System.Globalization.Invariant": false,
      "System.Net.Http.EnableActivityPropagation": false,
      "System.Net.Http.UseNativeHttpHandler": true,
      "System.Reflection.NullabilityInfoContext.IsSupported": false,
      "System.Resources.ResourceManager.AllowCustomResourceTypes": false,
      "System.Resources.UseSystemResourceKeys": false,
      "System.Runtime.InteropServices.BuiltInComInterop.IsSupported": false,
      "System.Runtime.Serialization.EnableUnsafeBinaryFormatterSerialization": false,
      "System.StartupHookProvider.IsSupported": false,
      "System.Text.Encoding.EnableUnsafeUTF7Encoding": false,
      "System.Threading.Thread.EnableAutoreleasePool": true
    }
  }
}